BOAMP_AVIS_NUM,D_11_01_Conditiondelai_Receptcandidat,D_11_02_Conditiondelai_Receptoffres,D_11_03_Conditiondelai_Limiteenvoiinvit,D_11_04_Conditiondelai_Validiteoffre,D_11_04_01_Conditiondelai_Validiteoffre_Jusquau,D_11_04_02_Conditiondelai_Validiteoffre_Dureemois,D_11_04_03_Conditiondelai_Validiteoffre_Dureejour,D_11_05_Conditiondelai_Dureesystemequalification
21-62801,,2021-09-09 11:00:00,,CF_NIV_SUIV,,5.0,,
21-66478,,2021-08-02 11:00:00,,CF_NIV_SUIV,,6.0,,
21-71108,,2021-08-19 15:00:00,,CF_NIV_SUIV,,,120,
21-73602,,2021-07-29 11:00:00,,CF_NIV_SUIV,,5.0,,
21-77464,,2021-07-27 15:00:00,,CF_NIV_SUIV,,6.0,,
21-81213,,2021-09-09 11:00:00,,CF_NIV_SUIV,,6.0,,
21-82919,,2021-07-28 11:00:00,,CF_NIV_SUIV,,,120,
21-84435,,2021-08-02 16:00:00,,CF_NIV_SUIV,,4.0,,
21-84509,,2021-08-02 16:00:00,,CF_NIV_SUIV,,4.0,,
21-85142,,2021-07-30 11:00:00,,CF_NIV_SUIV,,,90,
21-85876,2021-07-16 13:00:00,,2021-09-19 22:00:00,CF_NIV_SUIV,,,120,
21-86040,,2021-07-28 11:00:00,,CF_NIV_SUIV,,,120,
21-86145,,2021-08-02 11:00:00,,CF_NIV_SUIV,,7.0,,
21-86166,,2021-08-13 11:00:00,,CF_NIV_SUIV,,3.0,,
21-86459,,2021-09-10 11:00:00,,CF_NIV_SUIV,,4.0,,
21-86488,,2021-08-02 11:00:00,,CF_NIV_SUIV,,4.0,,
21-86529,,2021-08-02 11:00:00,,CF_NIV_SUIV,,4.0,,
21-86622,,2021-07-31 16:00:00,,CF_NIV_SUIV,,4.0,,
21-86754,,2021-08-02 11:00:00,,CF_NIV_SUIV,,4.0,,
21-87028,,2021-07-26 11:00:00,,CF_NIV_SUIV,,,120,
21-87071,,2021-07-29 11:00:00,,CF_NIV_SUIV,,,,
21-87210,,2021-08-02 15:00:00,,CF_NIV_SUIV,,4.0,,
21-87419,,2021-07-29 11:00:00,,CF_NIV_SUIV,,,120,
21-87614,,2021-09-14 11:15:00,,CF_NIV_SUIV,,4.0,,
21-88098,2021-07-30 11:00:00,,,CF_NIV_SUIV,,,90,
21-88141,,2021-09-17 11:00:00,,CF_NIV_SUIV,,6.0,,
21-88152,,2022-09-14 16:00:00,,CF_NIV_SUIV,,,,
21-88394,,2021-08-06 15:00:00,,CF_NIV_SUIV,,,,
21-88418,,2021-08-25 11:00:00,,CF_NIV_SUIV,,180.0,,
21-88476,,2021-09-08 11:00:00,,CF_NIV_SUIV,,,,
21-88521,,2021-09-15 11:00:00,,CF_NIV_SUIV,,,180,
21-88546,,2021-09-08 11:00:00,,CF_NIV_SUIV,,,,
21-88561,,2021-07-27 11:00:00,,CF_NIV_SUIV,,,120,
21-88631,,2021-08-09 15:00:00,,CF_NIV_SUIV,,4.0,,
21-88650,,2021-07-28 11:00:00,,CF_NIV_SUIV,,8.0,,
21-88656,,2021-07-30 16:00:00,,CF_NIV_SUIV,,4.0,,
21-88681,,2021-08-06 11:00:00,,CF_NIV_SUIV,,,,
21-88748,,2021-09-27 11:00:00,,CF_NIV_SUIV,,4.0,,
21-88851,,2021-08-27 11:00:00,,CF_NIV_SUIV,,,,
21-88866,,2021-07-19 15:00:00,,CF_NIV_SUIV,,4.0,,
21-88867,,2021-07-30 11:00:00,,CF_NIV_SUIV,,5.0,,
21-88887,,2021-08-09 15:00:00,,CF_NIV_SUIV,,6.0,,
21-88888,,2021-07-29 15:00:00,,CF_NIV_SUIV,,6.0,,
21-88890,,2021-08-02 11:00:00,,CF_NIV_SUIV,,6.0,,
21-88893,,2021-09-01 11:00:00,,CF_NIV_SUIV,,,,
21-88903,,2021-09-02 11:00:00,,CF_NIV_SUIV,,3.0,,
21-88921,,2021-09-02 15:00:00,,CF_NIV_SUIV,,6.0,,
21-88950,,2021-08-19 11:00:00,,CF_NIV_SUIV,,,120,
21-88957,,2021-09-21 10:00:00,,CF_NIV_SUIV,,,,
21-88962,,2021-07-30 16:00:00,,CF_NIV_SUIV,,4.0,,
21-88982,,2021-08-02 17:00:00,,CF_NIV_SUIV,,3.0,,
21-88998,,2021-09-14 11:00:00,,CF_NIV_SUIV,,7.0,,
21-89015,,2021-09-09 10:00:00,,CF_NIV_SUIV,,,,
21-89031,,2021-07-30 21:00:00,,CF_NIV_SUIV,,6.0,,
21-89036,,2021-07-30 11:00:00,,CF_NIV_SUIV,,6.0,,
21-89041,,2021-08-26 11:00:00,,CF_NIV_SUIV,,6.0,,
21-89055,,2021-07-30 16:00:00,,CF_NIV_SUIV,,6.0,,
21-89059,,2021-07-30 16:00:00,,CF_NIV_SUIV,,4.0,,
21-89063,,2021-08-30 14:00:00,,CF_NIV_SUIV,,5.0,,
21-89065,,2021-07-29 17:00:00,2021-09-14 22:00:00,CF_NIV_SUIV,,,,
21-89093,,2021-07-30 11:00:00,,CF_NIV_SUIV,,3.0,,
21-89098,,2021-09-06 16:00:00,,CF_NIV_SUIV,,4.0,,
21-89102,,2021-07-26 11:00:00,,CF_NIV_SUIV,,3.0,,
21-89103,,2021-08-03 11:00:00,,CF_NIV_SUIV,,6.0,,
21-89104,,2021-09-15 11:30:00,,CF_NIV_SUIV,,6.0,,
21-89106,,2021-07-19 15:00:00,,CF_NIV_SUIV,,8.0,,
21-89107,,2021-08-09 15:00:00,,CF_NIV_SUIV,,,,
21-89110,,2021-09-10 10:30:00,,CF_NIV_SUIV,,,,
21-89126,,2021-09-10 16:00:00,,CF_NIV_SUIV,,4.0,,
21-89127,,2021-09-06 11:00:00,,CF_NIV_SUIV,,,,
21-89128,,2021-09-30 10:30:00,,CF_NIV_SUIV,,7.0,,
21-89134,,2021-09-10 15:00:00,,CF_NIV_SUIV,,4.0,,
21-89135,,2021-08-09 11:00:00,,CF_NIV_SUIV,,6.0,,
21-89137,,2021-08-25 11:00:00,,CF_NIV_SUIV,,4.0,,
21-89138,,2021-08-09 11:00:00,,CF_NIV_SUIV,,,,
21-89143,,2021-08-30 11:00:00,,CF_NIV_SUIV,,6.0,,
21-89145,,2021-07-22 11:00:00,,CF_NIV_SUIV,,4.0,,
21-89146,,2021-09-20 12:00:00,,CF_NIV_SUIV,,4.0,,
21-89172,,2021-08-03 15:00:00,,CF_NIV_SUIV,,4.0,,
21-89175,,2021-08-09 11:00:00,,CF_NIV_SUIV,,,,
21-89194,,2021-08-09 11:00:00,,CF_NIV_SUIV,,,,
21-89196,,2021-08-02 11:00:00,,CF_NIV_SUIV,,,,
21-89202,,2021-09-15 11:00:00,,CF_NIV_SUIV,,4.0,,
21-89203,,2021-09-17 15:00:00,,CF_NIV_SUIV,,4.0,,
21-89218,,2021-08-09 11:00:00,,CF_NIV_SUIV,,6.0,,
21-89233,,2021-08-02 11:00:00,,CF_NIV_SUIV,,4.0,,
21-89234,,2021-08-02 11:00:00,,CF_NIV_SUIV,,4.0,,
21-89237,,2021-08-05 11:00:00,,CF_NIV_SUIV,,3.0,,
21-89240,,2021-07-30 11:00:00,,CF_NIV_SUIV,,6.0,,
21-89241,,2021-09-03 11:00:00,,CF_NIV_SUIV,,4.0,,
21-89243,,2021-08-09 09:00:00,,CF_NIV_SUIV,,,120,
21-89258,,2021-07-30 11:00:00,,CF_NIV_SUIV,,,,
21-89260,,2021-09-24 11:00:00,,CF_NIV_SUIV,,6.0,,
21-89264,,2021-08-25 10:00:00,,CF_NIV_SUIV,,,,
21-89266,,2021-07-30 11:00:00,,CF_NIV_SUIV,,6.0,,
21-89273,,2021-09-06 13:00:00,,CF_NIV_SUIV,,4.0,,
21-89281,,2021-08-16 16:00:00,,CF_NIV_SUIV,,,,
21-89284,,2021-09-07 13:00:00,,CF_NIV_SUIV,,8.0,,
21-89289,,2021-08-03 11:00:00,,CF_NIV_SUIV,,6.0,,
21-89291,,2021-07-29 15:00:00,,CF_NIV_SUIV,,3.0,,
21-89297,,2021-08-04 11:00:00,,CF_NIV_SUIV,,4.0,,
21-89299,,2021-09-06 11:00:00,,CF_NIV_SUIV,,,,
21-89302,,2021-07-30 13:00:00,,CF_NIV_SUIV,,5.0,,
21-89304,,2021-08-05 11:00:00,,CF_NIV_SUIV,,7.0,,
21-89311,,2021-08-02 16:00:00,,CF_NIV_SUIV,,4.0,,
21-89312,,2021-07-20 13:00:00,,CF_NIV_SUIV,,3.0,,
21-89316,,2021-08-02 16:00:00,,CF_NIV_SUIV,,6.0,,
21-89318,,2021-07-30 11:00:00,,CF_NIV_SUIV,,4.0,,
21-89322,,2021-07-30 11:00:00,,CF_NIV_SUIV,,6.0,,
21-89341,,2021-08-21 23:00:00,,CF_NIV_SUIV,,1.0,,
21-89353,,2021-08-03 11:00:00,,CF_NIV_SUIV,,4.0,,
21-89356,,2021-07-30 16:00:00,,CF_NIV_SUIV,,5.0,,
21-89366,,2021-09-17 13:00:00,,CF_NIV_SUIV,,6.0,,
21-89368,,2021-08-02 11:00:00,,CF_NIV_SUIV,,4.0,,
21-89375,,2021-09-01 22:59:00,,CF_NIV_SUIV,,,,
21-89380,,2021-09-07 11:00:00,,CF_NIV_SUIV,,4.0,,
21-89385,,2021-07-30 11:00:00,,CF_NIV_SUIV,,4.0,,
21-89398,,2021-08-09 11:00:00,,CF_NIV_SUIV,,6.0,,
21-89402,,2021-08-02 09:00:00,,CF_NIV_SUIV,,6.0,,
21-89414,,2021-09-13 11:00:00,,CF_NIV_SUIV,,4.0,,
21-89423,,2021-08-05 15:00:00,,CF_NIV_SUIV,,6.0,,
21-89424,,2021-08-04 11:00:00,,CF_NIV_SUIV,,5.0,,
21-89425,,2021-07-30 11:00:00,2021-09-01 22:00:00,CF_NIV_SUIV,,,,
21-89428,,2021-07-30 12:00:00,,CF_NIV_SUIV,,3.0,,
21-89433,,2021-09-03 15:30:00,,CF_NIV_SUIV,,,,
21-89435,,2021-08-04 11:00:00,,CF_NIV_SUIV,,3.0,,
21-89439,,2021-09-20 12:00:00,,CF_NIV_SUIV,,4.0,,
21-89442,,2021-08-06 11:00:00,,CF_NIV_SUIV,,4.0,,
21-89443,,2021-08-03 11:00:00,,CF_NIV_SUIV,,,,
21-89476,,2021-08-16 13:00:00,,CF_NIV_SUIV,,3.0,,
21-89493,,2021-08-02 10:00:00,,CF_NIV_SUIV,,,,
21-89496,,2021-07-16 11:00:00,,CF_NIV_SUIV,,4.0,,
21-89497,,2021-09-01 11:00:00,,CF_NIV_SUIV,,,,
21-89500,,2021-08-03 11:00:00,,CF_NIV_SUIV,,,,
21-89504,,2021-07-30 15:00:00,,CF_NIV_SUIV,,5.0,,
21-89505,,2021-08-20 15:00:00,,CF_NIV_SUIV,,6.0,,
21-89507,,2021-08-04 15:00:00,,CF_NIV_SUIV,,4.0,,
21-89510,,2021-07-30 11:00:00,,CF_NIV_SUIV,,,,
21-89513,,2021-07-28 11:30:00,,CF_NIV_SUIV,,,,
21-89516,,2021-08-06 14:30:00,,CF_NIV_SUIV,,4.0,,
21-89519,,2021-07-30 11:00:00,,CF_NIV_SUIV,,5.0,,
21-89521,,2021-07-30 11:00:00,,CF_NIV_SUIV,,24.0,,
21-89523,,2021-07-30 17:00:00,,CF_NIV_SUIV,,4.0,,
21-89527,,2021-07-29 15:00:00,,CF_NIV_SUIV,,4.0,,
21-89532,,2021-07-20 13:00:00,,CF_NIV_SUIV,,3.0,,
21-89533,,2021-08-02 11:00:00,,CF_NIV_SUIV,,6.0,,
21-89535,,2021-08-02 11:00:00,,CF_NIV_SUIV,,4.0,,
21-89537,,2021-07-30 10:00:00,,CF_NIV_SUIV,,4.0,,
21-89538,,2021-08-16 11:00:00,,CF_NIV_SUIV,,4.0,,
21-89546,,2021-08-10 16:00:00,,CF_NIV_SUIV,,6.0,,
21-89552,,2021-08-03 16:30:00,,CF_NIV_SUIV,,,,
21-89553,,2021-08-16 17:00:00,,CF_NIV_SUIV,,6.0,,
21-89555,,2021-07-30 15:00:00,,CF_NIV_SUIV,,6.0,,
21-89559,,2021-07-30 11:00:00,,CF_NIV_SUIV,,4.0,,
21-89561,,2021-07-30 16:00:00,,CF_NIV_SUIV,,6.0,,
21-89563,,2021-07-19 11:00:00,,CF_NIV_SUIV,,4.0,,
21-89564,,2021-07-29 11:00:00,2021-09-09 22:00:00,CF_NIV_SUIV,,,,
21-89566,,2021-07-30 11:00:00,,CF_NIV_SUIV,,6.0,,
21-89567,,2021-07-20 11:00:00,,CF_NIV_SUIV,,4.0,,
21-89570,,2021-07-30 10:30:00,,CF_NIV_SUIV,,4.0,,
21-89571,,2021-07-30 11:00:00,,CF_NIV_SUIV,,4.0,,
21-89581,,2021-07-30 11:00:00,,CF_NIV_SUIV,,6.0,,
21-89585,,2021-07-30 16:00:00,,CF_NIV_SUIV,,,,
21-89586,,2021-09-03 10:00:00,,CF_NIV_SUIV,,5.0,,
21-89588,,2021-07-30 11:00:00,,CF_NIV_SUIV,,,,
21-89598,,2021-08-10 11:00:00,,CF_NIV_SUIV,,7.0,,
21-89610,,2021-07-30 16:00:00,,CF_NIV_SUIV,,,,
21-89625,,2021-08-02 17:00:00,,CF_NIV_SUIV,,,,
21-89636,,2021-07-21 11:00:00,,CF_NIV_SUIV,,,90,
21-89637,,2021-07-30 11:00:00,,CF_NIV_SUIV,,,,
21-89661,,2021-07-30 11:00:00,,CF_NIV_SUIV,,,,
21-89662,,2021-08-02 11:00:00,,CF_NIV_SUIV,,6.0,,
21-89672,,2021-08-25 11:00:00,,CF_NIV_SUIV,,6.0,,
21-89677,,2021-07-26 17:00:00,,CF_NIV_SUIV,,4.0,,
21-89686,,2021-08-13 13:00:00,,CF_NIV_SUIV,,3.0,,
21-89693,,2021-07-30 15:30:00,,CF_NIV_SUIV,,3.0,,
21-89694,,2021-09-10 11:00:00,,CF_NIV_SUIV,,,,
21-89696,,2021-09-08 11:00:00,,CF_NIV_SUIV,,,,
21-89703,,2021-08-05 09:00:00,,CF_NIV_SUIV,,6.0,,
21-89706,,2021-07-30 11:00:00,,CF_NIV_SUIV,,6.0,,
21-89716,,2021-07-30 11:00:00,,CF_NIV_SUIV,,4.0,,
21-89719,,2021-07-23 11:00:00,,CF_NIV_SUIV,,6.0,,
21-89723,,2021-08-30 10:00:00,,CF_NIV_SUIV,,3.0,,
21-89734,,2021-08-02 13:00:00,,CF_NIV_SUIV,,3.0,,
21-89737,,2021-07-30 15:00:00,,CF_NIV_SUIV,,,,
21-89739,,2021-08-30 11:00:00,,CF_NIV_SUIV,,4.0,,
21-89741,,2021-08-30 11:00:00,,CF_NIV_SUIV,,6.0,,
21-89742,,2021-09-09 09:00:00,,CF_NIV_SUIV,,,,
21-89756,,2021-07-30 11:00:00,2021-09-30 22:00:00,CF_NIV_SUIV,,12.0,,
21-89777,,2021-09-03 11:00:00,,CF_NIV_SUIV,,,,
21-89780,,2021-07-23 11:00:00,,CF_NIV_SUIV,,,,
21-89781,,2021-08-09 10:00:00,,CF_NIV_SUIV,,3.0,,
21-89789,,2021-09-10 11:00:00,,CF_NIV_SUIV,,4.0,,
21-89792,,2021-07-27 16:00:00,,CF_NIV_SUIV,,6.0,,
21-89794,,2021-08-02 09:00:00,,CF_NIV_SUIV,,,,
21-89796,,2021-09-02 11:00:00,,CF_NIV_SUIV,,,,
21-89800,,2021-08-30 15:00:00,,CF_NIV_SUIV,,4.0,,
21-89802,,2021-08-04 16:00:00,,CF_NIV_SUIV,,4.0,,
21-89814,,2021-09-02 11:00:00,,CF_NIV_SUIV,,6.0,,
21-89815,,2021-08-16 22:59:00,,CF_NIV_SUIV,,,,
21-89817,,2021-08-27 15:30:00,,CF_NIV_SUIV,,3.0,,
21-89818,,2021-08-06 11:00:00,,CF_NIV_SUIV,,6.0,,
21-89821,,2021-08-11 11:00:00,,CF_NIV_SUIV,,6.0,,
21-89823,,2021-07-23 11:00:00,,CF_NIV_SUIV,,6.0,,
21-89824,,2021-09-02 11:00:00,,CF_NIV_SUIV,,4.0,,
21-89861,,2021-09-30 11:00:00,,CF_NIV_SUIV,,3.0,,
21-89864,,2021-07-30 08:30:00,,CF_NIV_SUIV,,,,
21-89869,,2021-08-05 11:00:00,,CF_NIV_SUIV,,,,
21-89874,,2021-08-04 11:00:00,,CF_NIV_SUIV,,4.0,,
21-89875,,2021-08-02 11:00:00,,CF_NIV_SUIV,,8.0,,
21-89879,,2021-08-23 11:00:00,,CF_NIV_SUIV,,,,
21-89891,,2021-08-06 11:00:00,,CF_NIV_SUIV,,5.0,,
21-89893,,2021-09-17 11:00:00,,CF_NIV_SUIV,,,,
21-89894,,2021-07-29 11:00:00,,CF_NIV_SUIV,,,120,
21-89900,,2021-09-15 15:00:00,,CF_NIV_SUIV,,6.0,,
21-89903,,2021-09-03 11:00:00,2021-09-21 22:00:00,CF_NIV_SUIV,,4.0,,
21-89907,,2021-09-15 11:00:00,,CF_NIV_SUIV,,5.0,,
21-89909,,2021-08-12 15:00:00,,CF_NIV_SUIV,,10.0,,
21-89915,,2021-08-05 11:00:00,,CF_NIV_SUIV,,6.0,,
21-89919,,2021-08-09 11:00:00,,CF_NIV_SUIV,,6.0,,
21-89942,,2021-08-16 11:00:00,,CF_NIV_SUIV,,6.0,,
21-89951,,2021-08-03 11:00:00,,CF_NIV_SUIV,,,,
21-89958,,2021-08-16 11:00:00,,CF_NIV_SUIV,,6.0,,
21-89982,,2021-08-05 11:00:00,,CF_NIV_SUIV,,6.0,,
21-89986,,2021-09-06 11:00:00,,CF_NIV_SUIV,,5.0,,
21-89990,,2021-07-30 11:00:00,,CF_NIV_SUIV,,5.0,,
21-89996,,2021-08-06 11:00:00,,CF_NIV_SUIV,,,,
21-89998,,2021-08-04 16:00:00,,CF_NIV_SUIV,,9.0,,
21-89999,,2021-08-31 15:30:00,,CF_NIV_SUIV,,6.0,,
21-90002,,2021-08-09 11:00:00,,CF_NIV_SUIV,,8.0,,
21-90003,,2021-08-02 11:00:00,,CF_NIV_SUIV,,6.0,,
21-90004,,2021-08-05 11:00:00,,CF_NIV_SUIV,,6.0,,
21-90005,,2021-08-17 11:00:00,,CF_NIV_SUIV,,,,
21-90026,,2021-08-10 11:00:00,,CF_NIV_SUIV,,5.0,,
21-90029,,2021-08-06 11:00:00,,CF_NIV_SUIV,,4.0,,
21-90031,,2021-07-30 15:00:00,,CF_NIV_SUIV,,,,
21-90035,,2021-07-30 15:00:00,,CF_NIV_SUIV,,,,
21-90042,,2021-08-02 10:00:00,,CF_NIV_SUIV,,4.0,,
21-90043,,2021-08-02 16:00:00,,CF_NIV_SUIV,,6.0,,
21-90045,,2021-07-30 15:00:00,,CF_NIV_SUIV,,4.0,,
21-90046,,2021-08-02 14:00:00,,CF_NIV_SUIV,,3.0,,
21-90067,,2021-08-06 11:00:00,,CF_NIV_SUIV,,,,
21-90079,,2021-07-30 14:00:00,,CF_NIV_SUIV,,6.0,,
21-90088,,2021-09-10 11:00:00,,CF_NIV_SUIV,,4.0,,
21-90090,,2021-07-20 15:00:00,,CF_NIV_SUIV,,6.0,,
21-90103,,2021-08-06 10:30:00,,CF_NIV_SUIV,,7.0,,
21-90104,,2021-09-01 11:00:00,,CF_NIV_SUIV,,4.0,,
21-90105,,2021-08-31 11:00:00,,CF_NIV_SUIV,,4.0,,
21-90111,,2021-08-02 22:59:00,,CF_NIV_SUIV,,4.0,,
21-90124,,2021-09-10 11:00:00,,CF_NIV_SUIV,,,,
21-90146,,2021-07-30 11:00:00,,CF_NIV_SUIV,,,,
21-90148,,2021-08-25 11:00:00,,CF_NIV_SUIV,,3.0,,
21-90151,,2021-09-08 11:00:00,,CF_NIV_SUIV,,4.0,,
21-90153,,2021-09-17 19:00:00,,CF_NIV_SUIV,,,,
21-90158,,2021-09-15 13:00:00,,CF_NIV_SUIV,,,,
21-90160,,2021-07-30 11:00:00,,CF_NIV_SUIV,,4.0,,
21-90165,,2021-08-31 11:00:00,,CF_NIV_SUIV,,7.0,,
21-90167,,2021-08-10 11:00:00,,CF_NIV_SUIV,,4.0,,
21-90168,,2021-08-02 15:00:00,,CF_NIV_SUIV,,3.0,,
21-90171,,2021-09-20 16:00:00,,CF_NIV_SUIV,,12.0,,
21-90173,,2021-08-02 11:00:00,,CF_NIV_SUIV,,6.0,,
21-90179,,2021-07-30 16:00:00,,CF_NIV_SUIV,,,,
21-90184,,2021-08-31 11:00:00,,CF_NIV_SUIV,,,,
21-90191,,2021-08-03 11:00:00,,CF_NIV_SUIV,,6.0,,
21-90193,,2021-08-02 11:00:00,,CF_NIV_SUIV,,6.0,,
21-90194,,2021-08-02 11:00:00,,CF_NIV_SUIV,,,,
21-90197,,2021-08-05 16:00:00,,CF_NIV_SUIV,,4.0,,
21-90199,,2021-07-29 11:00:00,,CF_NIV_SUIV,,6.0,,
21-90203,,2021-08-04 11:00:00,,CF_NIV_SUIV,,3.0,,
21-90206,,2021-08-12 11:00:00,,CF_NIV_SUIV,,4.0,,
21-90207,,2021-08-06 10:30:00,,CF_NIV_SUIV,,7.0,,
21-90212,,2021-08-06 11:00:00,,CF_NIV_SUIV,,6.0,,
21-90215,,2021-08-16 15:00:00,,CF_NIV_SUIV,,5.0,,
21-90221,,2021-09-06 11:00:00,,CF_NIV_SUIV,,,,
21-90258,,2021-07-30 11:00:00,,CF_NIV_SUIV,,,,
21-90259,,2021-08-13 16:00:00,,CF_NIV_SUIV,,6.0,,
21-90264,,2021-08-09 11:00:00,,CF_NIV_SUIV,,,,
21-90268,,2021-08-02 11:00:00,,CF_NIV_SUIV,,4.0,,
21-90271,,2021-08-18 11:00:00,,CF_NIV_SUIV,,,,
21-90276,,2021-08-03 13:00:00,2021-09-02 22:00:00,CF_NIV_SUIV,,6.0,,
21-90278,,2021-08-31 15:00:00,,CF_NIV_SUIV,,,,
21-90281,,2021-08-04 10:00:00,,CF_NIV_SUIV,,,,
21-90285,,2021-09-01 11:00:00,,CF_NIV_SUIV,,,,
21-90286,,2021-09-09 16:00:00,,CF_NIV_SUIV,,,,
21-90287,,2021-08-02 11:00:00,,CF_NIV_SUIV,,,,
21-90290,,2021-09-15 11:00:00,,CF_NIV_SUIV,,4.0,,
21-90294,,2021-08-09 11:00:00,,CF_NIV_SUIV,,6.0,,
21-90298,,2021-08-03 11:00:00,,CF_NIV_SUIV,,,,
21-90299,,2021-08-05 11:00:00,,CF_NIV_SUIV,,4.0,,
21-90300,,2021-09-01 11:00:00,,CF_NIV_SUIV,,,,
21-90301,,2021-07-30 11:00:00,,CF_NIV_SUIV,,4.0,,
21-90306,,2021-08-02 15:00:00,,CF_NIV_SUIV,,4.0,,
21-90308,,2021-09-01 11:00:00,,CF_NIV_SUIV,,,,
21-90310,,2021-07-30 11:00:00,,CF_NIV_SUIV,,4.0,,
21-90317,,2021-09-17 11:00:00,,CF_NIV_SUIV,,,,
21-90318,,2021-08-03 15:00:00,,CF_NIV_SUIV,,4.0,,
21-90319,,2021-07-30 11:00:00,,CF_NIV_SUIV,,6.0,,
21-90322,,2021-08-02 11:00:00,,CF_NIV_SUIV,,3.0,,
21-90324,,2021-09-30 11:00:00,,CF_NIV_SUIV,,,,
21-90325,,2021-08-13 16:00:00,,CF_NIV_SUIV,,6.0,,
21-90331,,2021-08-02 11:00:00,,CF_NIV_SUIV,,4.0,,
21-90340,,2021-08-05 11:00:00,,CF_NIV_SUIV,,4.0,,
21-90345,,2021-08-06 16:00:00,,CF_NIV_SUIV,,6.0,,
21-90346,,2021-08-02 11:00:00,,CF_NIV_SUIV,,4.0,,
21-90347,,2021-07-19 11:00:00,,CF_NIV_SUIV,,6.0,,
21-90349,,2021-08-09 14:00:00,,CF_NIV_SUIV,,3.0,,
21-90364,,2021-08-06 11:00:00,,CF_NIV_SUIV,,6.0,,
21-90365,,2021-08-02 16:00:00,,CF_NIV_SUIV,,6.0,,
21-90366,,2021-08-02 11:00:00,,CF_NIV_SUIV,,,,
21-90368,,2021-08-06 11:00:00,,CF_NIV_SUIV,,4.0,,
21-90369,,2021-08-04 11:00:00,,CF_NIV_SUIV,,,,
21-90372,,2021-07-30 11:00:00,,CF_NIV_SUIV,,,,
21-90374,,2021-09-16 16:00:00,,CF_NIV_SUIV,,4.0,,
21-90375,,2021-08-02 10:00:00,,CF_NIV_SUIV,,4.0,,
21-90377,,2021-08-06 11:00:00,,CF_NIV_SUIV,,120.0,,
21-90386,,2021-08-26 11:00:00,,CF_NIV_SUIV,,6.0,,
21-90395,,2021-07-30 13:00:00,,CF_NIV_SUIV,,4.0,,
21-90414,,2021-08-06 11:00:00,,CF_NIV_SUIV,,,120,
21-90415,,2021-07-28 11:00:00,,CF_NIV_SUIV,,,120,
21-90419,,2021-07-22 10:00:00,,CF_NIV_SUIV,,,180,
21-90438,,2021-07-26 11:00:00,,CF_NIV_SUIV,,,6,
21-90443,,2021-08-04 11:00:00,,CF_NIV_SUIV,,,120,
21-90444,2021-09-10 15:00:00,,,CF_NIV_SUIV,,,,
21-90450,,2021-07-21 15:30:00,,CF_NIV_SUIV,,,180,
21-90453,,2021-08-04 11:00:00,,CF_NIV_SUIV,,,,
21-90454,,2021-09-06 09:00:00,,CF_NIV_SUIV,,,120,
21-90455,,2021-09-14 11:00:00,,CF_NIV_SUIV,,,120,
21-90456,,2021-07-26 11:00:00,,CF_NIV_SUIV,,4.0,,
21-90458,,2021-07-15 11:00:00,,CF_NIV_SUIV,,,180,
21-90462,,2021-09-01 11:00:00,,CF_NIV_SUIV,,,,
21-90466,,2021-08-13 14:00:00,,CF_NIV_SUIV,,,,
21-90471,,2021-08-23 16:30:00,,CF_NIV_SUIV,,,180,
21-90472,,2021-07-22 11:00:00,,CF_NIV_SUIV,,4.0,,
21-90489,,2021-08-03 11:00:00,,CF_NIV_SUIV,,,,
21-90490,,2021-08-16 11:00:00,,CF_NIV_SUIV,,,120,
21-90495,,2021-08-03 11:00:00,,CF_NIV_SUIV,,3.0,,
21-90499,,2021-07-21 11:00:00,,CF_NIV_SUIV,,,,
21-90503,,2021-07-29 21:00:00,,CF_NIV_SUIV,,,180,
21-90511,,2021-07-30 15:00:00,,CF_NIV_SUIV,,,180,
21-90516,,2021-07-24 11:00:00,,CF_NIV_SUIV,,,,
21-90521,,2021-08-02 11:00:00,,CF_NIV_SUIV,,,3,
21-90526,,2021-07-26 11:00:00,,CF_NIV_SUIV,,,90,
21-90527,2021-07-28 11:00:00,,,CF_NIV_SUIV,,,,
21-90529,,2021-08-06 16:00:00,,CF_NIV_SUIV,,,90,
21-90535,,2021-08-20 11:00:00,,CF_NIV_SUIV,,,120,
21-90542,,2021-07-22 15:00:00,,CF_NIV_SUIV,,6.0,,
21-90543,,2021-07-20 09:00:00,,CF_NIV_SUIV,,6.0,,
21-90544,,2021-07-21 11:00:00,,CF_NIV_SUIV,,,120,
21-90546,,2021-08-02 09:00:00,,CF_NIV_SUIV,,4.0,,
21-90548,,2021-09-15 11:00:00,,CF_NIV_SUIV,,4.0,,
21-90549,,2021-07-30 11:00:00,,CF_NIV_SUIV,,,210,
21-90551,,2021-07-15 10:00:00,,CF_NIV_SUIV,,5.0,,
21-90553,,2021-07-28 11:00:00,,CF_NIV_SUIV,,4.0,,
21-90555,,2021-07-21 11:00:00,,CF_NIV_SUIV,,,30,
21-90559,,2021-08-31 15:00:00,,CF_NIV_SUIV,,,90,
21-90562,,2021-07-16 11:00:00,,CF_NIV_SUIV,,,120,
21-90576,,2021-07-26 11:00:00,,CF_NIV_SUIV,,4.0,,
21-90579,,2021-08-27 11:00:00,,CF_NIV_SUIV,,4.0,,
21-90584,,2021-09-09 15:00:00,,CF_NIV_SUIV,,,,
21-90587,,2021-08-04 10:00:00,,CF_NIV_SUIV,,,180,
21-90588,,2021-08-20 17:00:00,,CF_NIV_SUIV,,,120,
21-90589,,2021-07-26 11:00:00,,CF_NIV_SUIV,,,120,
21-90591,,2021-08-10 11:00:00,,CF_NIV_SUIV,,,90,
21-90593,,2021-07-28 11:00:00,,CF_NIV_SUIV,,,150,
21-90595,,2021-07-30 11:00:00,,CF_NIV_SUIV,,6.0,,
21-90597,,2021-07-30 11:00:00,,CF_NIV_SUIV,,6.0,,
21-90599,,2021-09-17 10:00:00,,CF_NIV_SUIV,,4.0,,
21-90608,,2021-07-22 15:45:00,,CF_NIV_SUIV,,,120,
21-90611,,2021-07-28 15:00:00,,CF_NIV_SUIV,,,,
21-90612,,2021-07-12 05:00:00,,CF_NIV_SUIV,,4.0,,
21-90614,,2021-07-23 11:00:00,,CF_NIV_SUIV,,,120,
21-90615,,2021-07-30 11:00:00,,CF_NIV_SUIV,,,180,
21-90628,,2021-07-31 17:00:00,,CF_NIV_SUIV,,,120,
21-90631,,2021-07-30 11:00:00,,CF_NIV_SUIV,,,180,
21-90635,,2021-07-23 11:00:00,,CF_NIV_SUIV,,6.0,,
21-90638,,2021-07-29 11:00:00,,CF_NIV_SUIV,,,,
21-90647,,2021-08-02 15:00:00,,CF_NIV_SUIV,,,210,
21-90650,,2021-08-04 11:00:00,,CF_NIV_SUIV,,,,
21-90651,,2021-07-29 10:00:00,,CF_NIV_SUIV,,,,
21-90653,,2021-09-10 15:00:00,,CF_NIV_SUIV,,6.0,,
21-90654,,2021-08-02 10:00:00,,CF_NIV_SUIV,,,,
21-90661,,2021-07-23 11:00:00,,CF_NIV_SUIV,,,,
21-90663,,2021-09-30 11:00:00,,CF_NIV_SUIV,,,120,
21-90673,,2021-08-09 13:00:00,,CF_NIV_SUIV,,,120,
21-90678,,2021-08-11 17:00:00,,CF_NIV_SUIV,,,,
21-90679,,2021-07-27 11:00:00,,CF_NIV_SUIV,,5.0,,
21-90680,,2021-08-06 14:00:00,,CF_NIV_SUIV,,4.0,,
21-90683,,2021-07-15 16:00:00,,CF_NIV_SUIV,,4.0,,
21-90686,,2021-08-09 11:00:00,,CF_NIV_SUIV,,4.0,,
21-90700,,2021-07-26 11:00:00,,CF_NIV_SUIV,,,120,
21-90701,,2021-08-04 15:00:00,,CF_NIV_SUIV,,,120,
21-90702,,2021-07-28 15:00:00,,CF_NIV_SUIV,,,120,
21-90706,,2021-07-30 15:00:00,,CF_NIV_SUIV,,,,
21-90710,,2021-08-12 11:00:00,,CF_NIV_SUIV,,6.0,,
21-90711,,2021-07-26 11:00:00,,CF_NIV_SUIV,,,120,
21-90713,,2021-07-30 11:00:00,,CF_NIV_SUIV,,,,
21-90720,,2021-07-30 15:00:00,,CF_NIV_SUIV,,3.0,,
21-90721,,2021-08-02 11:00:00,,CF_NIV_SUIV,,,180,
21-90722,,2021-09-01 11:00:00,,CF_NIV_SUIV,,,,
21-90724,,2021-08-06 11:00:00,,CF_NIV_SUIV,,4.0,,
21-90727,,2021-08-02 11:00:00,,CF_NIV_SUIV,,,120,
21-90729,,2021-07-22 16:00:00,,CF_NIV_SUIV,,,120,
21-90730,,2021-08-06 11:00:00,,CF_NIV_SUIV,,,90,
21-90731,,2021-07-28 14:00:00,,CF_NIV_SUIV,,,90,
21-90732,,2021-07-20 11:00:00,,CF_NIV_SUIV,,,120,
21-90735,,2021-07-27 11:00:00,,CF_NIV_SUIV,,,120,
21-90738,,2021-09-02 15:00:00,,CF_NIV_SUIV,,6.0,,
21-90739,,2021-07-23 14:30:00,,CF_NIV_SUIV,,,120,
21-90741,,2021-09-17 11:00:00,,CF_NIV_SUIV,,,120,
21-90742,,2021-08-31 11:00:00,,CF_NIV_SUIV,,,120,
21-90744,,2021-07-27 16:00:00,,CF_NIV_SUIV,,6.0,,
21-90745,,2021-09-06 15:00:00,,CF_NIV_SUIV,,,180,
21-90746,,2021-07-21 11:00:00,,CF_NIV_SUIV,,4.0,,
21-90747,,2021-07-28 11:00:00,,CF_NIV_SUIV,,4.0,,
21-90750,,2021-07-28 16:00:00,,CF_NIV_SUIV,,,120,
21-90751,,2021-08-30 12:00:00,,CF_NIV_SUIV,,,120,
21-90755,,2021-07-29 11:00:00,,CF_NIV_SUIV,,,180,
21-90767,,2021-07-30 14:00:00,,CF_NIV_SUIV,,,,
21-90768,,2021-08-20 11:00:00,,CF_NIV_SUIV,,,120,
21-90771,,2021-07-27 11:00:00,,CF_NIV_SUIV,,,90,
21-90773,,2021-07-16 14:00:00,,CF_NIV_SUIV,,,90,
21-90790,,2021-09-10 11:00:00,,CF_NIV_SUIV,,6.0,,
21-90792,,2021-09-10 15:00:00,,CF_NIV_SUIV,,,90,
21-90794,,2021-08-24 10:00:00,,CF_NIV_SUIV,,,120,
21-90799,,2021-09-16 16:00:00,,CF_NIV_SUIV,,,180,
21-90800,,2021-08-02 11:00:00,,CF_NIV_SUIV,,,,
21-90802,,2021-09-07 15:00:00,,CF_NIV_SUIV,,6.0,,
21-90804,,2021-08-03 11:00:00,,CF_NIV_SUIV,,,,
21-90807,,2021-08-06 17:00:00,,CF_NIV_SUIV,,,90,
21-90812,,2021-09-08 16:00:00,,CF_NIV_SUIV,,,,
21-90813,,2021-09-10 11:00:00,,CF_NIV_SUIV,,,120,
21-90815,,2021-09-13 13:00:00,,CF_NIV_SUIV,,,120,
21-90816,,2021-07-26 11:00:00,,CF_NIV_SUIV,,,,
21-90817,,2021-08-05 10:00:00,,CF_NIV_SUIV,,,,
21-90823,,2021-09-06 13:00:00,,CF_NIV_SUIV,,,,
21-90832,,2021-10-05 11:00:00,,CF_NIV_SUIV,,,,
21-90837,,2021-07-30 11:00:00,,CF_NIV_SUIV,,3.0,,
21-90838,,2021-07-23 16:00:00,,CF_NIV_SUIV,,,150,
21-90839,,2021-07-23 12:17:00,,CF_NIV_SUIV,,,180,
21-90840,,2021-07-16 15:00:00,,CF_NIV_SUIV,,,180,
21-90842,,2021-07-23 10:00:00,,CF_NIV_SUIV,,,60,
21-90844,,2021-07-22 15:00:00,,CF_NIV_SUIV,,,120,
21-90853,,2021-07-22 23:00:00,,CF_NIV_SUIV,,,90,
21-90863,2021-07-30 11:00:00,,,CF_NIV_SUIV,,,,
21-90865,,2021-07-29 10:00:00,,CF_NIV_SUIV,,,120,
21-90867,,2021-09-06 11:00:00,,CF_NIV_SUIV,,,120,
21-90868,,2021-07-23 15:00:00,,CF_NIV_SUIV,,,120,
21-90869,,2021-09-02 11:00:00,,CF_NIV_SUIV,,,120,
21-90871,,2021-07-23 11:00:00,,CF_NIV_SUIV,,,180,
21-90876,,2021-09-15 11:00:00,,CF_NIV_SUIV,,,180,
21-90884,,2021-09-20 11:00:00,,CF_NIV_SUIV,,,120,
21-90887,,2021-08-26 15:00:00,,CF_NIV_SUIV,,,150,
21-90889,,2021-08-04 15:00:00,,CF_NIV_SUIV,,,120,
21-90890,,2021-08-05 11:00:00,,CF_NIV_SUIV,,,150,
21-90891,,2021-08-30 11:00:00,,CF_NIV_SUIV,,,,
21-90894,,2021-07-29 11:00:00,,CF_NIV_SUIV,,,180,
21-90900,,2021-07-28 11:00:00,,CF_NIV_SUIV,,4.0,,
21-90901,,2021-09-30 11:00:00,,CF_NIV_SUIV,,,,
21-90904,,2021-08-13 11:00:00,,CF_NIV_SUIV,,,180,
21-90905,,2021-07-28 16:00:00,,CF_NIV_SUIV,,4.0,,
21-90908,,2021-08-16 11:00:00,,CF_NIV_SUIV,,3.0,,
21-90921,2021-07-26 16:30:00,,,CF_NIV_SUIV,,,90,
21-90937,,2021-09-15 16:00:00,,CF_NIV_SUIV,,,90,
21-90949,2021-09-30 15:00:00,,,CF_NIV_SUIV,,,200,
21-90960,,2021-07-30 11:00:00,,CF_NIV_SUIV,,,,
21-90964,,2021-08-10 11:00:00,,CF_NIV_SUIV,,4.0,,
21-90966,,2021-07-26 11:30:00,,CF_NIV_SUIV,,6.0,,
21-90969,,2021-08-16 11:00:00,,CF_NIV_SUIV,,,,
21-90974,,2021-09-28 11:00:00,,CF_NIV_SUIV,,6.0,,
21-90975,2021-07-30 11:00:00,,,CF_NIV_SUIV,,,,
21-90981,,2021-09-02 11:00:00,,CF_NIV_SUIV,,,,
21-90982,,2021-08-03 14:30:00,,CF_NIV_SUIV,,,180,
21-90983,,2021-07-21 16:00:00,,CF_NIV_SUIV,,,90,
21-90986,,2021-08-31 11:00:00,,CF_NIV_SUIV,,,180,
21-90988,,2021-07-30 11:00:00,,CF_NIV_SUIV,,,120,
21-90989,,2021-07-30 11:00:00,,CF_NIV_SUIV,,,120,
21-90990,,2021-07-27 11:00:00,,CF_NIV_SUIV,,,120,
21-90992,,2021-07-23 11:00:00,,CF_NIV_SUIV,,,,
21-90997,,2021-08-16 11:00:00,,CF_NIV_SUIV,,,,
21-91002,,2021-09-15 22:55:00,,CF_NIV_SUIV,,,180,
21-91003,,2021-07-27 11:00:00,,CF_NIV_SUIV,,5.0,,
21-91004,,2021-07-23 11:00:00,,CF_NIV_SUIV,,4.0,,
21-91007,,2021-07-30 11:00:00,,CF_NIV_SUIV,,,,
21-91011,,2021-07-26 08:00:00,,CF_NIV_SUIV,,,,
21-91019,,2021-07-30 16:00:00,,CF_NIV_SUIV,,,,
21-91021,,2021-08-05 11:00:00,,CF_NIV_SUIV,,,90,
21-91023,,2021-07-30 15:00:00,,CF_NIV_SUIV,,,120,
21-91028,,2021-08-06 11:00:00,,CF_NIV_SUIV,,90.0,,
21-91031,,2021-07-30 15:00:00,,CF_NIV_SUIV,,,,
21-91033,,2021-09-06 13:00:00,,CF_NIV_SUIV,,6.0,,
21-91037,,2021-08-31 16:00:00,,CF_NIV_SUIV,,6.0,,
21-91042,,2021-07-30 11:00:00,,CF_NIV_SUIV,,,180,
21-91044,2021-08-17 11:00:00,,,CF_NIV_SUIV,,,120,
21-91048,,2021-09-09 11:00:00,,CF_NIV_SUIV,,6.0,,
21-91054,,2021-08-31 11:00:00,,CF_NIV_SUIV,,4.0,,
21-91059,,2021-07-30 16:00:00,,CF_NIV_SUIV,,,120,
21-91060,,2021-08-02 14:00:00,,CF_NIV_SUIV,,6.0,,
21-91061,,2021-08-02 11:00:00,,CF_NIV_SUIV,,,120,
21-91062,,2021-07-30 15:00:00,,CF_NIV_SUIV,,4.0,,
21-91064,,2021-07-26 11:00:00,,CF_NIV_SUIV,,,150,
21-91066,,2021-07-28 15:00:00,,CF_NIV_SUIV,,5.0,,
21-91067,,2021-07-28 11:00:00,,CF_NIV_SUIV,,,90,
21-91068,,2021-07-22 11:00:00,,CF_NIV_SUIV,,,120,
21-91069,,2021-08-16 15:00:00,,CF_NIV_SUIV,,6.0,,
21-91070,,2021-07-19 11:00:00,,CF_NIV_SUIV,,4.0,,
21-91071,,2021-09-06 16:00:00,,CF_NIV_SUIV,,,180,
21-91074,,2021-08-13 15:00:00,,CF_NIV_SUIV,,,120,
21-91075,,2021-08-30 16:00:00,,CF_NIV_SUIV,,4.0,,
21-91078,,2021-09-06 16:00:00,,CF_NIV_SUIV,,,180,
21-91080,,2021-08-16 11:00:00,,CF_NIV_SUIV,,3.0,,
21-91081,,2021-08-06 11:00:00,,CF_NIV_SUIV,,6.0,,
21-91082,,2021-08-04 22:59:00,,CF_NIV_SUIV,,4.0,,
21-91088,,2021-08-09 11:00:00,,CF_NIV_SUIV,,3.0,,
21-91108,,2021-08-23 15:30:00,,CF_NIV_SUIV,,4.0,,
21-91109,,2021-07-21 15:00:00,,CF_NIV_SUIV,,,120,
21-91110,2021-07-19 11:00:00,,,CF_NIV_SUIV,,,,
21-91116,,2021-07-27 11:00:00,,CF_NIV_SUIV,,,120,
21-91122,,2021-07-26 14:00:00,,CF_NIV_SUIV,,6.0,,
21-91129,,2021-07-15 15:00:00,,CF_NIV_SUIV,,,120,
21-91132,,2021-07-21 11:00:00,,CF_NIV_SUIV,,,120,
21-91144,,2021-07-23 11:00:00,,CF_NIV_SUIV,,,,
21-91146,,2021-07-19 11:00:00,,CF_NIV_SUIV,,,120,
21-91154,,2021-08-05 16:00:00,,CF_NIV_SUIV,,,120,
21-91156,,2021-07-28 11:00:00,,CF_NIV_SUIV,,6.0,,
21-91157,,2021-08-06 11:00:00,,CF_NIV_SUIV,,4.0,,
21-91159,,2021-07-29 16:00:00,,CF_NIV_SUIV,,6.0,,
21-91160,,2021-07-28 11:00:00,,CF_NIV_SUIV,,,60,
21-91161,,2021-08-02 11:00:00,,CF_NIV_SUIV,,,90,
21-91163,,2021-08-02 11:00:00,,CF_NIV_SUIV,,4.0,,
21-91176,,2021-08-02 12:00:00,,CF_NIV_SUIV,,,120,
21-91177,,2021-07-29 16:00:00,,CF_NIV_SUIV,,,120,
21-91179,,2021-07-21 15:00:00,,CF_NIV_SUIV,,,120,
21-91180,,2021-09-06 11:00:00,,CF_NIV_SUIV,,,180,
21-91182,,2021-07-26 15:00:00,,CF_NIV_SUIV,,,120,
21-91183,,,,CF_NIV_SUIV,,,120,
21-91184,,2021-07-23 15:00:00,,CF_NIV_SUIV,,3.0,,
21-91187,,2021-07-23 11:00:00,,CF_NIV_SUIV,,,120,
21-91189,,2021-07-26 11:00:00,,CF_NIV_SUIV,,,90,
21-91192,,2021-09-24 10:00:00,,CF_NIV_SUIV,,,,
21-91197,,2021-07-20 11:00:00,,CF_NIV_SUIV,,,180,
21-91199,,2021-07-22 11:00:00,,CF_NIV_SUIV,,,180,
21-91204,,2021-09-13 11:00:00,,CF_NIV_SUIV,,,180,
21-91206,,2021-07-30 11:00:00,,CF_NIV_SUIV,,5.0,,
21-91209,,2021-08-23 11:00:00,,CF_NIV_SUIV,,5.0,,
21-91217,,2021-08-31 11:00:00,,CF_NIV_SUIV,,,180,
21-91219,,2021-07-15 13:00:00,,CF_NIV_SUIV,,,,
21-91220,,2021-07-16 16:00:00,,CF_NIV_SUIV,,,,
21-91224,,2021-07-23 11:00:00,,CF_NIV_SUIV,,,120,
21-91225,,2021-09-13 15:00:00,,CF_NIV_SUIV,,6.0,,
21-91226,,2021-09-30 10:00:00,,CF_NIV_SUIV,,,90,
21-91227,,2021-08-02 11:00:00,,CF_NIV_SUIV,,,120,
21-91229,,2021-07-28 11:00:00,,CF_NIV_SUIV,,,120,
21-91230,,2021-07-30 11:00:00,,CF_NIV_SUIV,,,,
21-91234,,2021-07-12 17:00:00,,CF_NIV_SUIV,,,,
21-91237,,2021-07-27 17:00:00,,CF_NIV_SUIV,,,180,
21-91249,,2021-07-19 11:00:00,,CF_NIV_SUIV,,,180,
21-91258,,2021-07-29 17:00:00,,CF_NIV_SUIV,,3.0,,
21-91259,,2021-07-16 15:45:00,,CF_NIV_SUIV,,,,
21-91260,,2021-07-28 15:00:00,,CF_NIV_SUIV,,,180,
21-91274,,2021-08-06 16:00:00,,CF_NIV_SUIV,,,90,
21-91275,,2021-07-28 14:00:00,,CF_NIV_SUIV,,,120,
21-91281,,2021-08-03 15:00:00,,CF_NIV_SUIV,,6.0,,
21-91292,,2021-07-27 15:00:00,,CF_NIV_SUIV,,,180,
21-91308,,2021-07-26 11:00:00,,CF_NIV_SUIV,,,,
21-91310,,2021-08-13 11:00:00,,CF_NIV_SUIV,,,,
21-91316,,2021-07-30 11:00:00,,CF_NIV_SUIV,,,180,
21-91319,,2021-09-03 11:00:00,,CF_NIV_SUIV,,,120,
21-91321,,2021-07-30 11:00:00,,CF_NIV_SUIV,,,120,
21-91328,,2021-07-23 11:00:00,,CF_NIV_SUIV,,,,
21-91332,,2021-08-04 14:00:00,,CF_NIV_SUIV,,,120,
21-91334,,2021-08-09 11:00:00,,CF_NIV_SUIV,,,,
21-91335,,2021-07-29 11:00:00,,CF_NIV_SUIV,,,120,
21-91340,,2021-09-10 11:00:00,,CF_NIV_SUIV,,,120,
21-91341,,2021-09-01 11:00:00,,CF_NIV_SUIV,,4.0,,
21-91344,,2021-08-02 11:00:00,,CF_NIV_SUIV,,,90,
21-91345,,2021-07-30 11:00:00,,CF_NIV_SUIV,,,,
21-91346,,2021-07-22 15:00:00,,CF_NIV_SUIV,,,90,
21-91351,,2021-08-05 16:00:00,,CF_NIV_SUIV,,,,
21-91352,,2021-07-26 10:00:00,,CF_NIV_SUIV,,,120,
21-91354,,2021-07-29 11:00:00,,CF_NIV_SUIV,,,120,
21-91373,,2021-08-02 11:00:00,,CF_NIV_SUIV,,,,
21-91376,,2021-08-31 15:00:00,,CF_NIV_SUIV,,,90,
21-91381,,2021-08-13 16:00:00,,CF_NIV_SUIV,,,,
21-91383,,2021-07-28 11:00:00,,CF_NIV_SUIV,,,120,
21-91385,,2021-07-26 11:00:00,,CF_NIV_SUIV,,,90,
21-91395,,2021-07-23 11:00:00,,CF_NIV_SUIV,,,120,
21-91398,,2021-08-23 11:00:00,,CF_NIV_SUIV,,,120,
21-91401,,2021-08-03 10:00:00,,CF_NIV_SUIV,,,,
21-91404,,2021-07-26 16:00:00,,CF_NIV_SUIV,,,150,
21-91411,,2021-08-16 15:00:00,,CF_NIV_SUIV,,5.0,,
21-91412,,2021-07-27 09:00:00,,CF_NIV_SUIV,,,120,
21-91417,,2021-08-09 11:00:00,,CF_NIV_SUIV,,4.0,,
21-91418,,2021-08-02 11:00:00,,CF_NIV_SUIV,,4.0,,
21-91434,,2021-07-23 11:00:00,,CF_NIV_SUIV,,,120,
21-91435,,2021-07-30 10:00:00,,CF_NIV_SUIV,,,120,
21-91436,,2021-09-17 17:00:00,,CF_NIV_SUIV,,,120,
21-91440,,2021-08-05 11:00:00,,CF_NIV_SUIV,,,,
21-91441,,2021-07-27 15:00:00,,CF_NIV_SUIV,,4.0,,
21-91442,,2021-07-23 11:00:00,,CF_NIV_SUIV,,3.0,,
21-91451,,2021-07-19 11:00:00,,CF_NIV_SUIV,,,,
21-91452,,2021-07-26 11:00:00,,CF_NIV_SUIV,,,120,
21-91454,,2021-08-03 11:00:00,,CF_NIV_SUIV,,5.0,,
21-91464,,2021-07-15 11:00:00,,CF_NIV_SUIV,,,,
21-91468,,2021-07-26 16:00:00,,CF_NIV_SUIV,,,,
21-91473,,2021-08-04 11:00:00,,CF_NIV_SUIV,,,120,
21-91480,,2021-08-03 14:30:00,,CF_NIV_SUIV,,,,
21-91482,,2021-07-30 15:00:00,,CF_NIV_SUIV,,,120,
21-91483,2021-07-30 11:00:00,2021-08-02 11:00:00,,CF_NIV_SUIV,,,,
21-91487,,2021-07-27 13:00:00,,CF_NIV_SUIV,,,180,
21-91490,,2021-07-30 13:00:00,,CF_NIV_SUIV,,,,
21-91493,,2021-09-23 16:00:00,,CF_NIV_SUIV,,,120,
21-91495,,2021-08-02 11:00:00,,CF_NIV_SUIV,,6.0,,
21-91496,,2021-07-30 11:00:00,,CF_NIV_SUIV,,5.0,,
21-91501,,2021-07-22 11:00:00,,CF_NIV_SUIV,,,,
21-91503,,2021-09-02 10:00:00,,CF_NIV_SUIV,,,180,
21-91504,,2021-07-19 11:00:00,,CF_NIV_SUIV,,,120,
21-91506,,2021-09-10 11:00:00,,CF_NIV_SUIV,,4.0,,
21-91507,,2021-09-03 11:00:00,,CF_NIV_SUIV,,,,
21-91511,,2021-07-30 11:00:00,,CF_NIV_SUIV,,4.0,,
21-91516,,2021-09-24 15:00:00,,CF_NIV_SUIV,,,180,
21-91518,,2021-07-26 22:00:00,,CF_NIV_SUIV,,,120,
21-91520,,2021-07-19 11:00:00,,CF_NIV_SUIV,,4.0,,
21-91521,,2021-08-06 11:00:00,,CF_NIV_SUIV,,,180,
21-91522,,2021-07-28 11:00:00,,CF_NIV_SUIV,,3.0,,
21-91523,,2021-08-02 12:00:00,,CF_NIV_SUIV,,,180,
21-91525,,2021-07-23 11:00:00,,CF_NIV_SUIV,,,120,
21-91526,,2021-08-06 11:00:00,,CF_NIV_SUIV,,,120,
21-91527,,2021-07-30 17:00:00,,CF_NIV_SUIV,,6.0,,
21-91528,,2021-09-08 16:00:00,,CF_NIV_SUIV,,4.0,,
21-91529,,2021-09-08 16:00:00,,CF_NIV_SUIV,,4.0,,
21-91533,,2021-08-06 11:00:00,,CF_NIV_SUIV,,,120,
21-91538,,2021-09-24 11:00:00,,CF_NIV_SUIV,,,90,
21-91539,,2021-07-26 11:00:00,,CF_NIV_SUIV,,,120,
21-91543,,2021-08-02 11:00:00,,CF_NIV_SUIV,,,150,
21-91545,,2021-08-06 11:00:00,,CF_NIV_SUIV,,3.0,,
21-91550,,2021-08-02 11:00:00,,CF_NIV_SUIV,,,120,
21-91555,,2021-07-30 15:00:00,,CF_NIV_SUIV,,6.0,,
21-91558,,2021-09-16 16:00:00,,CF_NIV_SUIV,,,120,
21-91560,,2021-07-23 11:00:00,,CF_NIV_SUIV,,,120,
21-91561,,2021-07-28 11:00:00,,CF_NIV_SUIV,,,120,
21-91579,,2021-08-06 11:00:00,,CF_NIV_SUIV,,,120,
21-91580,,2021-07-30 11:00:00,,CF_NIV_SUIV,,,180,
21-91583,,2021-07-27 11:00:00,,CF_NIV_SUIV,,,120,
21-91584,,2021-08-02 11:30:00,,CF_NIV_SUIV,,3.0,,
21-91589,,2021-08-18 11:00:00,,CF_NIV_SUIV,,,120,
21-91591,,2021-08-02 16:00:00,,CF_NIV_SUIV,,4.0,,
21-91594,,2021-07-30 09:30:00,,CF_NIV_SUIV,,,4,
21-91595,,2021-07-29 11:00:00,,CF_NIV_SUIV,,,,
21-91598,,2021-08-31 16:00:00,,CF_NIV_SUIV,,,,
21-91602,,2021-08-05 11:00:00,,CF_NIV_SUIV,,,90,
21-91605,,2021-08-05 10:45:00,,CF_NIV_SUIV,,,,
21-91608,,2021-07-29 10:00:00,,CF_NIV_SUIV,,,,
21-91610,,2021-07-23 11:00:00,,CF_NIV_SUIV,,6.0,,
21-91611,,2021-08-02 11:00:00,,CF_NIV_SUIV,,4.0,,
21-91613,,2021-08-02 15:00:00,,CF_NIV_SUIV,,,180,
21-91614,,2021-07-23 11:00:00,,CF_NIV_SUIV,,3.0,,
21-91618,2021-10-04 11:00:00,,,CF_NIV_SUIV,,,,
21-91619,,2021-08-23 15:00:00,,CF_NIV_SUIV,,,120,
21-91621,,2021-08-26 15:00:00,,CF_NIV_SUIV,,,150,
21-91622,,2021-07-22 11:00:00,,CF_NIV_SUIV,,,90,
21-91623,,2021-09-03 11:00:00,,CF_NIV_SUIV,,,120,
21-91643,,2021-09-06 11:00:00,,CF_NIV_SUIV,,,120,
21-91645,,2021-08-04 10:00:00,,CF_NIV_SUIV,,,120,
21-91646,,2021-08-09 15:00:00,,CF_NIV_SUIV,,,,
21-91649,,2021-09-15 11:00:00,,CF_NIV_SUIV,,6.0,,
21-91654,,2021-08-02 16:00:00,,CF_NIV_SUIV,,,,
21-91655,,2021-08-20 11:00:00,,CF_NIV_SUIV,,,,
21-91661,,2021-08-05 11:00:00,,CF_NIV_SUIV,,,120,
21-91664,,2021-07-30 11:00:00,,CF_NIV_SUIV,,4.0,,
21-91673,,2021-07-30 11:00:00,,CF_NIV_SUIV,,,120,
21-91676,,2021-07-20 11:00:00,,CF_NIV_SUIV,,,,
21-91677,,2021-08-04 10:00:00,,CF_NIV_SUIV,,3.0,,
21-91682,,2021-08-10 09:00:00,,CF_NIV_SUIV,,,180,
21-91689,,2021-08-09 11:00:00,,CF_NIV_SUIV,,,,
21-91690,,2021-07-27 15:00:00,,CF_NIV_SUIV,,,120,
21-91691,,2021-08-23 15:00:00,,CF_NIV_SUIV,,,120,
21-91695,,2021-07-27 11:00:00,,CF_NIV_SUIV,,6.0,,
21-91696,,2021-08-06 11:00:00,,CF_NIV_SUIV,,,180,
21-91701,,2021-09-10 15:00:00,,CF_NIV_SUIV,,,120,
21-91706,,2021-08-27 14:00:00,,CF_NIV_SUIV,,,120,
21-91710,,2021-09-09 13:00:00,,CF_NIV_SUIV,,,120,
21-91720,,2021-08-30 09:00:00,,CF_NIV_SUIV,,,,
21-91724,,2021-08-23 11:00:00,,CF_NIV_SUIV,,4.0,,
21-91728,,2021-07-30 16:00:00,,CF_NIV_SUIV,,8.0,,
21-91736,,2021-08-23 11:00:00,,CF_NIV_SUIV,,,,
21-91753,,2021-08-23 11:00:00,,CF_NIV_SUIV,,4.0,,
21-91758,,2021-07-30 16:00:00,,CF_NIV_SUIV,,,120,
21-91761,,2021-09-10 11:00:00,,CF_NIV_SUIV,,,,
21-91762,,2021-07-30 11:00:00,,CF_NIV_SUIV,,,,
21-91763,,2021-07-26 11:00:00,,CF_NIV_SUIV,,,120,
21-91765,,2021-07-29 10:30:00,,CF_NIV_SUIV,,,120,
21-91772,,2021-07-27 11:00:00,,CF_NIV_SUIV,,6.0,,
21-91775,,2021-07-26 16:00:00,,CF_NIV_SUIV,,,90,
21-91778,,2021-09-06 12:00:00,,CF_NIV_SUIV,,,120,
21-91781,,2021-08-11 11:00:00,,CF_NIV_SUIV,,,180,
21-91789,,2021-08-27 11:00:00,,CF_NIV_SUIV,,,120,
21-91792,,2021-07-26 11:00:00,,CF_NIV_SUIV,,,90,
21-91796,2021-07-30 11:00:00,,,CF_NIV_SUIV,,,,
21-91801,,2021-08-13 11:00:00,,CF_NIV_SUIV,,,,
21-91802,,2021-07-30 11:00:00,,CF_NIV_SUIV,,,120,
21-91803,,2021-07-19 11:00:00,,CF_NIV_SUIV,,,120,
21-91806,,2021-07-30 10:00:00,,CF_NIV_SUIV,,,120,
21-91811,,2021-09-06 11:00:00,,CF_NIV_SUIV,,,120,
21-91813,,2021-07-22 11:00:00,,CF_NIV_SUIV,,5.0,,
21-91821,,2021-08-13 15:00:00,,CF_NIV_SUIV,,,90,
21-91822,,2021-09-15 10:45:00,,CF_NIV_SUIV,,,,
21-91825,,2021-08-03 11:00:00,,CF_NIV_SUIV,,,150,
21-91829,,2021-09-01 15:00:00,,CF_NIV_SUIV,,3.0,,
21-91834,,2021-07-26 14:00:00,,CF_NIV_SUIV,,5.0,,
21-91840,,2021-07-28 11:00:00,,CF_NIV_SUIV,,,120,
21-91844,,2021-08-31 11:00:00,,CF_NIV_SUIV,,,,
21-91845,,2021-08-18 15:00:00,,CF_NIV_SUIV,,,90,
21-91850,,2021-07-30 11:00:00,,CF_NIV_SUIV,,,120,
21-91855,,2021-07-27 15:30:00,,CF_NIV_SUIV,,,120,
21-91857,,2021-08-09 11:00:00,,CF_NIV_SUIV,,,120,
21-91859,,2021-08-03 11:00:00,,CF_NIV_SUIV,,,,
21-91863,,2021-07-28 11:00:00,,CF_NIV_SUIV,,6.0,,
21-91864,,2021-07-29 15:00:00,,CF_NIV_SUIV,,,180,
21-91865,,2021-07-26 11:00:00,,CF_NIV_SUIV,,,,
21-91866,,2021-08-02 11:00:00,,CF_NIV_SUIV,,,360,
21-91868,,2021-07-30 11:00:00,,CF_NIV_SUIV,,,180,
21-91869,,2021-07-26 16:00:00,,CF_NIV_SUIV,,,180,
21-91870,,2021-07-26 11:00:00,,CF_NIV_SUIV,,,180,
21-91871,,2021-07-28 16:00:00,,CF_NIV_SUIV,,,120,
21-91872,,2021-08-02 15:00:00,,CF_NIV_SUIV,,,120,
21-91873,,2021-07-30 11:00:00,,CF_NIV_SUIV,,,,
21-91876,,2021-08-04 16:00:00,,CF_NIV_SUIV,,,90,
21-91877,,2021-07-26 11:00:00,,CF_NIV_SUIV,,4.0,,
21-91887,2021-09-07 11:00:00,,,CF_NIV_SUIV,,,120,
21-91888,,2021-07-27 11:00:00,,CF_NIV_SUIV,,4.0,,
21-91893,,2021-09-10 11:00:00,,CF_NIV_SUIV,,,90,
21-91896,,2021-09-13 11:00:00,,CF_NIV_SUIV,,5.0,,
21-91898,,2021-07-23 11:00:00,,CF_NIV_SUIV,,6.0,,
21-91899,,2021-07-30 15:00:00,,CF_NIV_SUIV,,,,
21-91901,,2021-07-30 13:00:00,,CF_NIV_SUIV,,,180,
21-91904,,2021-07-30 11:00:00,,CF_NIV_SUIV,,,,
21-91909,,2021-07-29 11:00:00,,CF_NIV_SUIV,,,4,
21-91910,,2021-08-05 11:00:00,,CF_NIV_SUIV,,,120,
21-91911,,2021-09-08 22:00:00,,CF_NIV_SUIV,,,120,
21-91913,,2021-09-10 16:00:00,,CF_NIV_SUIV,,,,
21-91919,,2021-07-30 11:00:00,,CF_NIV_SUIV,,4.0,,
21-91920,,2021-08-26 15:00:00,,CF_NIV_SUIV,,6.0,,
21-91921,,2021-08-20 11:00:00,,CF_NIV_SUIV,,4.0,,
21-91922,,2021-07-30 11:00:00,,CF_NIV_SUIV,,4.0,,
21-91923,,2021-08-06 11:00:00,,CF_NIV_SUIV,,6.0,,
21-91927,,2021-07-23 11:00:00,,CF_NIV_SUIV,,,120,
21-91929,,2021-09-01 15:00:00,,CF_NIV_SUIV,,,120,
21-91930,,2021-07-09 11:00:00,,CF_NIV_SUIV,,4.0,,
21-91931,,2021-07-30 16:00:00,,CF_NIV_SUIV,,4.0,,
21-91934,,2021-09-01 11:00:00,,CF_NIV_SUIV,,,4,
21-91936,,2021-07-22 16:00:00,,CF_NIV_SUIV,,,90,
21-91960,,2021-09-10 11:00:00,,CF_NIV_SUIV,,4.0,,
21-91961,,2021-07-26 16:00:00,,CF_NIV_SUIV,,,120,
21-91963,,2021-08-02 11:00:00,,CF_NIV_SUIV,,,120,
21-91964,,2021-09-03 16:00:00,,CF_NIV_SUIV,,,90,
21-91966,,2021-08-02 15:00:00,,CF_NIV_SUIV,,,180,
21-91971,2021-07-26 11:00:00,,,CF_NIV_SUIV,,,120,
21-91977,,2021-09-03 11:00:00,,CF_NIV_SUIV,,3.0,,
21-91978,,2021-09-06 17:00:00,,CF_NIV_SUIV,,,,
21-91979,,2021-08-20 11:00:00,,CF_NIV_SUIV,,,,
21-91983,,2021-07-30 11:00:00,,CF_NIV_SUIV,,6.0,,
21-91984,,2021-08-02 11:00:00,,CF_NIV_SUIV,,,,
21-91990,,2021-07-27 11:00:00,,CF_NIV_SUIV,,,150,
21-91991,,2021-09-10 11:00:00,,CF_NIV_SUIV,,,,
21-91994,,2021-07-19 16:00:00,,CF_NIV_SUIV,,,180,
21-92004,,2021-07-28 11:00:00,,CF_NIV_SUIV,,6.0,,
21-92005,,2021-09-17 11:00:00,,CF_NIV_SUIV,,,180,
21-92007,,2021-08-23 11:00:00,,CF_NIV_SUIV,,4.0,,
21-92013,,2021-07-28 11:00:00,,CF_NIV_SUIV,,6.0,,
21-92018,,2021-09-15 15:00:00,,CF_NIV_SUIV,,,180,
21-92019,,2021-08-31 16:00:00,,CF_NIV_SUIV,,,180,
21-92022,,2021-09-15 16:30:00,,CF_NIV_SUIV,,4.0,,
21-92023,,2021-07-23 11:00:00,,CF_NIV_SUIV,,,90,
21-92027,,2021-07-27 11:00:00,,CF_NIV_SUIV,,,,
21-92029,,2021-07-23 11:00:00,,CF_NIV_SUIV,,,180,
21-92032,2021-09-01 11:00:00,,,CF_NIV_SUIV,,,180,
21-92034,,2021-07-27 16:00:00,,CF_NIV_SUIV,,4.0,,
21-92035,,2021-07-27 16:00:00,,CF_NIV_SUIV,,4.0,,
21-92036,,2021-07-27 11:00:00,,CF_NIV_SUIV,,6.0,,
21-92039,,2021-08-26 11:00:00,,CF_NIV_SUIV,,,,
21-92040,,2021-07-27 15:00:00,,CF_NIV_SUIV,,6.0,,
21-92044,,2021-08-05 16:00:00,,CF_NIV_SUIV,,4.0,,
21-92045,,2021-08-09 14:00:00,,CF_NIV_SUIV,,4.0,,
21-92046,,2021-09-02 11:00:00,,CF_NIV_SUIV,,,120,
21-92047,,2021-07-26 10:00:00,,CF_NIV_SUIV,,,120,
21-92049,,2021-07-19 15:00:00,,CF_NIV_SUIV,,4.0,,
21-92052,,2021-08-04 11:00:00,,CF_NIV_SUIV,,,180,
21-92053,,2021-07-27 16:00:00,,CF_NIV_SUIV,,4.0,,
21-92070,,2021-07-29 11:00:00,,CF_NIV_SUIV,,,210,
21-92079,2021-07-23 11:00:00,,,CF_NIV_SUIV,,,,
21-92080,,2021-07-30 11:00:00,,CF_NIV_SUIV,,3.0,,
21-92083,,2021-09-06 15:00:00,,CF_NIV_SUIV,,6.0,,
21-92087,,2021-07-23 15:00:00,,CF_NIV_SUIV,,,90,
21-92090,,2021-08-16 11:00:00,,CF_NIV_SUIV,,,90,
21-92095,,2021-07-30 10:00:00,,CF_NIV_SUIV,,,,
